joke_num,text,true_label,llm_classification,confidence,llm_personal_funny,funniness,offensiveness,originality,appropriateness,clarity,upvotes,downvotes,score,category,subcategory,qualitative_category
8,"The giant panda (Ailuropoda melanoleuca; ), also known as the panda bear (or simply the panda), is a bear species endemic to China",False,NO,1.0,NO,1.0,1.0,1.0,10.0,10.0,,,,VII. Experimental,AI-Specific Challenges,LowConfidence
5,"If you're sarcastic sometimes, but serious most of the time, people won't know what hit them Communism will win.",True,NO,3.0,NO,5.0,4.0,6.0,3.0,7.0,5.0,0.0,5.0,VII. Experimental,AI-Specific Challenges,FalseNegative
6,"Existentialism In existentialism, you need to create meaning in your own life. How do you do that?",True,NO,5.0,NO,4.0,1.0,6.0,10.0,8.0,5.0,0.0,5.0,III. NSFW Humor,Existential Nihilism,FalseNegative
1,The Demography of Ghana describes the condition and overview of Ghana's population,False,NO,8.0,NO,1.0,1.0,1.0,10.0,10.0,,,,VII. Experimental,AI-Specific Challenges,HighConfidence
3,"Chile's government is a representative democratic republic, whereby the President of Chile is both head of state and head of government, and of a formal multi-party system",False,NO,8.0,NO,1.0,1.0,1.0,10.0,10.0,,,,VI. Regional/Subcultural,Dialect Humor,TrueNegative
4,The Emperor of Japan is the monarch and the head of the Imperial Family of Japan,False,NO,8.0,NO,1.0,1.0,1.0,10.0,10.0,,,,VII. Experimental,AI-Specific Challenges,TrueNegative
6,"we gotta talk about rules. I know, nobody likes a subreddit that goes overboard on rules. That's the purpose of this post. The mod team is working on an official ruleset that we'll post and enforce. We'd like the input of our users before actually doing so. Barring obvious site wide rules, what are some rules you'd like to see or avoid seeing in the sub? Edit: Rules are now in effect. Please check the sidebar on PC, or rules tab if on mobile.",True,NO,8.0,,2.0,1.0,3.0,10.0,9.0,56.0,0.0,56.0,IV. Social Dynamics,Schadenfreude,HighConfidence
1,What do you call Santa's Elves on 12/26/24? Unemployed,True,YES,8.0,YES,7.0,2.0,6.0,9.0,8.0,82.0,0.0,82.0,II. Contextual Humor,Situational Absurdity,TruePositive
1,"Andre Kirk Agassi ( ; born April 29, 1970) is an American former world No",False,NO,1.0,NO,,,,,,,,,VI. Regional/Subcultural,Dialect Humor,LowConfidence
2,"How they were disciplined At work, a certain two boomer coworkers were talking about how they were disciplined. Their parents used a hammer or a 2x4. They were laughing how this generation is ""soft"" and what not. I'm sorry, but good lord. The hammer / 2x4 is abuse. Maybe this is a major cause on why they are like this how they are today.",True,NO,8.0,,4.0,6.0,5.0,5.0,,51.0,0.0,51.0,IV. Social Dynamics,Power Reversals,FalseNegative
5,"Everyone feeling the need to slam shut their front or back doors as if they're locking away a prisoner in a custody suite Pretty much the title. It's a bit worse for me as my door is opposite / adjacent to my neighbour, however, I do sometimes venture outside the house and sometimes go wild by staying at family and friends houses and it seems like a pretty common problem. Better when it's during the early hours.",True,NO,3.0,NO,5.0,1.0,4.0,9.0,7.0,118.0,0.0,118.0,VI. Regional/Subcultural,Dialect Humor,FalseNegative
8,Knock knock... Who's there? But there was no response It seems the auditory hallucinations were back,True,NO,8.0,NO,7.0,2.0,8.0,9.0,8.0,16.0,0.0,16.0,II. Contextual Humor,Situational Absurdity,FalseNegative
3,"A tip in order to help kickstart this subreddit. There is an old video footage (pre 1930s) of an old woman walking in the street seemingly holding a cell phone to her ear. I couldn't find the video with a quick search but I'm too lazy to dig deeper. It must be a few years ago when I saw that clip, but I think the explanation was that she was holding an old-timey hearing aid to her ear.",True,NO,3.0,NO,4.0,1.0,5.0,10.0,8.0,7.0,0.0,7.0,VII. Experimental,Temporal Humor,FalseNegative
9,"Boomer got angry at me because I couldn't understand his incoherent English I was on my lunch break when an older boomer came up to me asking for directions to a store. It was like he was speaking in a broken Italian accent and I could only get every second word. I was genuinely trying to help him find ""cooolllluiilllss"" or whatever it was, however he gave me the finger after I asked him to repeat the name for the 3rd time. Ok Boomer. Get bent.",True,YES,8.0,,6.0,5.0,4.0,4.0,7.0,28.0,0.0,28.0,IV. Social Dynamics,Power Reversals,TruePositive
5,Fur seals are any of nine species of pinnipeds belonging to the subfamily Arctocephalinae in the family Otariidae,False,NO,1.0,NO,1.0,1.0,1.0,10.0,10.0,,,,II. Contextual Humor,Situational Absurdity,TrueNegative
1,Railways: 0 km Highways: total: paved: unpaved: (1996 est,False,NO,1.0,NO,3.0,1.0,5.0,9.0,6.0,,,,III. NSFW Humor,Existential Nihilism,TrueNegative
3,I was just going to stay awake for my shift tonite. IDK who glued my eyes shut but they better hope I don't find em.,True,YES,8.0,YES,6.0,2.0,7.0,9.0,8.0,5.0,0.0,5.0,VII. Experimental,AI-Specific Challenges,TruePositive
10,"The Kashubians (; ; ), also known as Cassubians or Kashubs, are a Lechitic (West Slavic) ethnic group native to the historical region of Pomerania, including its eastern part called Pomerelia, in north-central Poland",False,NO,1.0,NO,1.0,1.0,1.0,10.0,8.0,,,,IV. Social Dynamics,Power Reversals,LowConfidence
10,"Uber Driver Uber Driver: would you like to listen to music from this era? Me: *immediately suspicious he’s a time traveler* Sure… what era is this? Uber Driver: This is two thousand and twenty one, correct? Me: *narrowing eyes* Indeed…",True,YES,8.0,YES,7.0,1.0,8.0,10.0,9.0,91.0,0.0,91.0,VII. Experimental,Temporal Humor,TruePositive
4,Kenya maintains relations with various countries around the world,False,NO,3.0,NO,1.0,1.0,1.0,10.0,10.0,,,,II. Contextual Humor,Situational Absurdity,LowConfidence
3,"Hradčany (; ), the Castle District, is the district of the city of Prague, Czech Republic surrounding Prague Castle",False,NO,1.0,NO,1.0,1.0,1.0,10.0,10.0,,,,IV. Social Dynamics,Schadenfreude,LowConfidence
3,Neil Young is so old we shouldn't call him Neil Young any more. Mr. Young would be much more respectful.,True,YES,8.0,YES,7.0,2.0,8.0,9.0,9.0,320.0,0.0,320.0,II. Contextual Humor,Situational Absurdity,HighConfidence
4,SOMEONE HEAR ME OUT PLEASE i think i just saw someone from the future. it was so strange too and i know i sound stupid as fuck but you guys have to trust me. i swear to vid on everything i love. his appearance was nothing like i’ve ever seen on anyone. idk someone that’s into shit like this please hmu cause i’m trippin tf out,True,NO,3.0,NO,4.0,2.0,6.0,7.0,8.0,75.0,0.0,75.0,VII. Experimental,Temporal Humor,LowConfidence
8,"Has anyone read the book, ""A Generation of Sociopaths?"" There's a book, ""A Generation of Sociopaths - How the Baby Boomers Betrayed America"" by Bruce Cannon Gibney. I just realized it's in my Audible library, but I'm curious if anyone has read it and what they thought of it.",True,NO,8.0,,2.0,4.0,3.0,6.0,8.0,35.0,0.0,35.0,IV. Social Dynamics,Power Reversals,HighConfidence
1,"Arable land (from the , ""able to be ploughed"") is any land capable of being ploughed and used to grow crops",False,NO,1.0,NO,2.0,1.0,3.0,10.0,8.0,,,,IV. Social Dynamics,Schadenfreude,TrueNegative
2,"Consequentialism is a class of normative, teleological ethical theories that holds that the consequences of one's conduct are the ultimate basis for judgment about the rightness or wrongness of that conduct",False,NO,10.0,NO,1.0,1.0,1.0,10.0,8.0,,,,VII. Experimental,Temporal Humor,TrueNegative
5,"Whoever made this, true chad",True,NO,3.0,,6.0,2.0,5.0,8.0,7.0,22.0,0.0,22.0,IV. Social Dynamics,Schadenfreude,FalseNegative
3,A battle is an occurrence of combat in warfare between opposing military units of any number or size,False,NO,8.0,NO,1.0,1.0,1.0,10.0,10.0,,,,III. NSFW Humor,Existential Nihilism,HighConfidence
3,Frequency modulation (FM) is the encoding of information in a carrier wave by varying the instantaneous frequency of the wave,False,NO,8.0,NO,1.0,1.0,3.0,10.0,8.0,,,,IV. Social Dynamics,Power Reversals,TrueNegative
