llm,subcategory,funniness,offensiveness,originality,appropriateness,clarity,mismatch_percentage,score,upvotes,downvotes
grok,absurdist_dread,1.9823434991974318,1.2696629213483146,2.826645264847512,4.491974317817014,6.401929260450161,6.280193236714976,23.230031948881788,23.230031948881788,0.0
grok,anachronism,2.5833333333333335,1.25,3.3333333333333335,4.625,7.833333333333333,0.0,68.5,68.5,0.0
grok,anti-jokes,2.733491969066032,1.7312722948870392,2.9447086801426874,4.349583828775268,7.097560975609756,22.262118491921004,38.71682464454976,38.71682464454976,0.0
grok,authority_mockery,2.8223684210526314,2.6710526315789473,3.0723684210526314,3.924342105263158,7.223684210526316,19.607843137254903,51.8421052631579,51.8421052631579,0.0
grok,british_class_humor,2.911808669656203,1.482089552238806,3.064179104477612,4.455223880597015,7.259370314842578,14.688128772635814,361.4,361.4,0.0
grok,contextual_sarcasm,3.0342205323193916,1.9695817490494296,3.2395437262357416,4.192015209125476,6.893536121673004,25.287356321839084,14.765151515151516,14.765151515151516,0.0
grok,cringe_comedy,2.2142857142857144,2.5238095238095237,2.3333333333333335,3.9404761904761907,5.619047619047619,21.428571428571427,150.45,150.45,0.0
grok,double_entendres,3.333835341365462,2.9493480441323974,3.5581745235707123,3.705616850551655,7.280481685900653,12.76595744680851,18.522,18.522,0.0
grok,emoji_absurdism,2.1925,2.1325,2.76625,4.09375,6.10625,18.867924528301888,17.920398009950247,17.920398009950247,0.0
grok,ethical_edge_cases,2.580722891566265,1.9879518072289157,3.378313253012048,4.021686746987951,6.46144578313253,17.753623188405797,307.6363636363636,307.6363636363636,0.0
grok,future_shock,3.0,2.0,3.1666666666666665,4.0,6.666666666666667,50.0,18.0,18.0,0.0
grok,gallows_humor,2.7929125138427464,3.7679955703211516,3.238095238095238,3.354651162790698,7.161772853185596,27.01342281879195,92.23698781838317,92.23698781838317,0.0
grok,historical_satire,4.166666666666667,2.1666666666666665,4.333333333333333,3.9166666666666665,8.0,0.0,10.5,10.5,0.0
grok,homophonic,3.14206268958544,1.6627906976744187,3.98685540950455,4.317997977755309,6.0813953488372094,16.946564885496183,49.644084934277046,49.644084934277046,0.0
grok,malapropisms,3.323906083244397,1.5538954108858059,3.728922091782284,4.436232657417289,7.0144076840981855,23.78640776699029,18.422625400213448,18.422625400213448,0.0
grok,misdirection,3.6666666666666665,2.6666666666666665,3.3333333333333335,3.8333333333333335,7.666666666666667,0.0,110.5,110.5,0.0
grok,misfortune,2.6666666666666665,1.6666666666666667,2.6666666666666665,4.333333333333333,8.0,0.0,415.0,415.0,0.0
grok,paraprosdokians,3.476761619190405,1.5072463768115942,3.8010994502748625,4.466016991504248,7.379310344827586,5.015197568389058,116.619,116.619,0.0
grok,pop_culture_parody,2.0,1.1666666666666667,2.5,4.583333333333333,8.5,0.0,54.333333333333336,54.333333333333336,0.0
grok,programming,3.32183908045977,1.1954022988505748,3.8735632183908044,4.586206896551724,6.758620689655173,6.896551724137931,9.581395348837209,9.581395348837209,0.0
grok,puns,3.6138069034517257,1.3305,3.859,4.56225,7.3755,2.5757575757575757,138.245,138.245,0.0
grok,recursive_meta-humor,2.888888888888889,2.0,2.5555555555555554,4.166666666666667,6.444444444444445,0.0,7.5,7.5,0.0
grok,religious,2.185185185185185,2.425925925925926,2.5925925925925926,3.9166666666666665,7.611111111111111,5.555555555555555,21.814814814814813,21.814814814814813,0.0
grok,rule-of-three_violations,2.0952380952380953,1.1333333333333333,3.142857142857143,4.623809523809523,6.876190476190477,5.714285714285714,8.615384615384615,8.615384615384615,0.0
grok,science_puns,3.1203703703703702,1.3148148148148149,3.787037037037037,4.5092592592592595,6.435185185185185,33.33333333333333,92.28301886792453,92.28301886792453,0.0
grok,surreal,3.020489755122439,1.4252873563218391,3.75912043978011,4.4187906046976515,6.490754622688656,18.731117824773413,22.73,22.73,0.0
grok,terminal_illness,2.323943661971831,4.295774647887324,2.9530516431924885,3.1173708920187795,6.953051643192488,37.142857142857146,8.00943396226415,8.00943396226415,0.0
deepseek,absurdist_dread,2.5,1.3806818181818181,3.8295454545454546,4.5710227272727275,8.131428571428572,0.0,23.230031948881788,23.230031948881788,0.0
deepseek,anachronism,2.0,1.25,3.25,4.625,9.0,0.0,68.5,68.5,0.0
deepseek,anti-jokes,3.2563106796116505,1.89126213592233,3.819417475728155,4.370873786407767,8.560311284046692,1.935483870967742,38.71682464454976,38.71682464454976,0.0
deepseek,authority_mockery,3.760869565217391,2.717391304347826,3.847826086956522,3.858695652173913,8.369565217391305,0.0,51.8421052631579,51.8421052631579,0.0
deepseek,british_class_humor,3.533916849015317,1.5536105032822758,3.8205689277899344,4.50109409190372,8.414473684210526,0.2590673575129534,361.4,361.4,0.0
deepseek,contextual_sarcasm,4.025,2.075,4.4,4.10625,8.45,0.0,14.765151515151516,14.765151515151516,0.0
deepseek,cringe_comedy,3.3846153846153846,3.0,3.6153846153846154,3.8076923076923075,8.416666666666666,0.0,150.45,150.45,0.0
deepseek,double_entendres,3.8943894389438944,2.953795379537954,4.435643564356436,3.707095709570957,8.461920529801324,1.5625,18.522,18.522,0.0
deepseek,emoji_absurdism,2.568548387096774,2.161290322580645,3.4798387096774195,4.157258064516129,7.8983739837398375,0.0,17.920398009950247,17.920398009950247,0.0
deepseek,ethical_edge_cases,3.3088803088803087,2.1544401544401546,4.355212355212355,4.065637065637065,8.046332046332047,0.0,307.6363636363636,307.6363636363636,0.0
deepseek,future_shock,6.0,1.0,5.0,4.5,8.0,0.0,18.0,18.0,0.0
deepseek,gallows_humor,3.493601462522852,3.787934186471664,4.148080438756856,3.403107861060329,8.5,3.8834951456310676,92.23698781838317,92.23698781838317,0.0
deepseek,historical_satire,4.0,1.5,5.5,3.5,8.0,0.0,10.5,10.5,0.0
deepseek,homophonic,3.6372881355932205,1.8883248730964468,4.913705583756345,4.222504230118443,7.26360544217687,0.2762430939226519,49.644084934277046,49.644084934277046,0.0
deepseek,malapropisms,3.6095890410958904,1.7636986301369864,4.6061643835616435,4.3493150684931505,8.108061749571183,0.18975332068311196,18.422625400213448,18.422625400213448,0.0
deepseek,misdirection,6.5,3.0,6.0,3.0,8.0,,110.5,110.5,0.0
deepseek,misfortune,2.0,1.0,3.0,4.5,8.0,0.0,415.0,415.0,0.0
deepseek,paraprosdokians,4.0,1.6736,4.7632,4.476,8.536,0.1937984496124031,116.619,116.619,0.0
deepseek,pop_culture_parody,1.0,1.5,2.0,4.75,9.0,0.0,54.333333333333336,54.333333333333336,0.0
deepseek,programming,3.4074074074074074,1.4074074074074074,3.962962962962963,4.666666666666667,7.851851851851852,0.0,9.581395348837209,9.581395348837209,0.0
deepseek,puns,4.218649517684887,1.5096463022508038,4.836012861736334,4.537781350482315,8.605475040257648,0.19157088122605362,138.245,138.245,0.0
deepseek,recursive_meta-humor,4.333333333333333,4.0,4.0,3.1666666666666665,7.0,0.0,7.5,7.5,0.0
deepseek,religious,2.3125,3.0,2.9375,3.8125,7.875,0.0,21.814814814814813,21.814814814814813,0.0
deepseek,rule-of-three_violations,2.88,1.24,4.16,4.78,8.48,0.0,8.615384615384615,8.615384615384615,0.0
deepseek,science_puns,3.942857142857143,1.6571428571428573,5.114285714285714,4.428571428571429,7.457142857142857,3.8461538461538463,92.28301886792453,92.28301886792453,0.0
deepseek,surreal,3.768092105263158,1.5632183908045978,4.970443349753695,4.486042692939245,8.00164744645799,0.3838771593090211,22.73,22.73,0.0
deepseek,terminal_illness,3.288135593220339,4.491525423728813,3.983050847457627,3.0508474576271185,8.338983050847459,2.380952380952381,8.00943396226415,8.00943396226415,0.0
chatgpt,absurdist_dread,2.6243654822335025,1.1218274111675126,3.685279187817259,3.7893401015228427,7.649746192893401,0.4784688995215311,23.230031948881788,23.230031948881788,0.0
chatgpt,anachronism,2.75,1.0,3.5,3.625,7.5,0.0,68.5,68.5,0.0
chatgpt,anti-jokes,3.7380497131931167,1.445506692160612,3.6806883365200767,3.7963671128107075,8.204588910133843,0.1779359430604982,38.71682464454976,38.71682464454976,0.0
chatgpt,authority_mockery,3.5106382978723403,1.9787234042553192,3.6382978723404253,3.4361702127659575,7.787234042553192,0.0,51.8421052631579,51.8421052631579,0.0
chatgpt,british_class_humor,3.638253638253638,1.212058212058212,3.6590436590436592,3.8523908523908523,8.11018711018711,0.5964214711729622,361.4,361.4,0.0
chatgpt,contextual_sarcasm,3.847058823529412,1.6941176470588235,3.7294117647058824,3.4529411764705884,7.776470588235294,0.0,14.765151515151516,14.765151515151516,0.0
chatgpt,cringe_comedy,3.4166666666666665,2.0833333333333335,3.25,3.4166666666666665,8.0,7.6923076923076925,150.45,150.45,0.0
chatgpt,double_entendres,4.2515822784810124,1.8623417721518987,4.1835443037974684,3.4042721518987342,8.055379746835444,0.4497751124437781,18.522,18.522,0.0
chatgpt,emoji_absurdism,2.610441767068273,1.5421686746987953,3.0843373493975905,3.538152610441767,7.594377510040161,0.37453183520599254,17.920398009950247,17.920398009950247,0.0
chatgpt,ethical_edge_cases,3.045112781954887,1.5714285714285714,3.8646616541353382,3.3477443609022557,7.466165413533835,0.0,307.6363636363636,307.6363636363636,0.0
chatgpt,future_shock,7.0,2.0,5.0,3.0,8.0,0.0,18.0,18.0,0.0
chatgpt,gallows_humor,4.003565062388592,2.335115864527629,3.983957219251337,3.171122994652406,7.755793226381462,0.5,92.23698781838317,92.23698781838317,0.0
chatgpt,historical_satire,4.0,1.5,4.0,3.0,7.5,0.0,10.5,10.5,0.0
chatgpt,homophonic,4.267477203647417,1.3799392097264438,5.056231003039514,3.6793313069908815,6.939209726443769,0.15151515151515152,49.644084934277046,49.644084934277046,0.0
chatgpt,malapropisms,3.9517684887459805,1.332797427652733,4.086816720257235,3.855305466237942,7.985530546623794,0.16,18.422625400213448,18.422625400213448,0.0
chatgpt,misdirection,6.5,3.0,4.5,2.5,8.5,0.0,110.5,110.5,0.0
chatgpt,misfortune,2.0,1.0,3.0,4.0,7.0,0.0,415.0,415.0,0.0
chatgpt,paraprosdokians,4.393393393393393,1.3633633633633633,4.528528528528528,3.9496996996997,8.214714714714715,0.29985007496251875,116.619,116.619,0.0
chatgpt,pop_culture_parody,2.0,1.0,3.0,4.0,7.0,0.0,54.333333333333336,54.333333333333336,0.0
chatgpt,programming,3.3448275862068964,1.103448275862069,3.793103448275862,4.103448275862069,8.137931034482758,3.4482758620689653,9.581395348837209,9.581395348837209,0.0
chatgpt,puns,4.529411764705882,1.292609351432881,4.352941176470588,4.021870286576169,8.411764705882353,0.14992503748125938,138.245,138.245,0.0
chatgpt,recursive_meta-humor,4.0,3.0,3.0,2.6666666666666665,8.333333333333334,0.0,7.5,7.5,0.0
chatgpt,religious,2.4444444444444446,2.1666666666666665,2.9444444444444446,3.2777777777777777,7.166666666666667,0.0,21.814814814814813,21.814814814814813,0.0
chatgpt,rule-of-three_violations,2.4285714285714284,1.0857142857142856,3.742857142857143,3.9285714285714284,8.0,0.0,8.615384615384615,8.615384615384615,0.0
chatgpt,science_puns,4.222222222222222,1.3888888888888888,4.5,3.763888888888889,7.25,5.555555555555555,92.28301886792453,92.28301886792453,0.0
chatgpt,surreal,3.717948717948718,1.2835595776772248,4.478129713423831,3.6726998491704372,7.571644042232277,0.1510574018126888,22.73,22.73,0.0
chatgpt,terminal_illness,3.591549295774648,3.295774647887324,3.619718309859155,2.8380281690140845,7.71830985915493,1.4084507042253522,8.00943396226415,8.00943396226415,0.0
llama,absurdist_dread,2.0418006430868165,1.202572347266881,3.0610932475884245,4.62459807073955,8.361736334405144,5.741626794258373,23.230031948881788,23.230031948881788,0.0
llama,anachronism,2.9166666666666665,1.3333333333333333,3.5,4.625,8.166666666666666,0.0,68.5,68.5,0.0
llama,anti-jokes,3.4201780415430267,1.6130563798219584,3.4124629080118694,4.4869436201780415,8.796439169139466,8.880994671403197,38.71682464454976,38.71682464454976,0.0
llama,authority_mockery,3.388157894736842,2.7434210526315788,3.236842105263158,3.986842105263158,8.855263157894736,7.8431372549019605,51.8421052631579,51.8421052631579,0.0
llama,british_class_humor,3.2519893899204244,1.346816976127321,3.0550397877984086,4.587533156498674,8.805702917771884,5.753968253968254,361.4,361.4,0.0
llama,contextual_sarcasm,3.628787878787879,1.8409090909090908,3.4696969696969697,4.297348484848484,8.731060606060606,13.636363636363635,14.765151515151516,14.765151515151516,0.0
llama,cringe_comedy,2.380952380952381,1.8571428571428572,2.0476190476190474,4.321428571428571,7.976190476190476,21.428571428571427,150.45,150.45,0.0
llama,double_entendres,3.6943471735867934,2.6698349174587293,3.532766383191596,3.858929464732366,8.78289144572286,7.04647676161919,18.522,18.522,0.0
llama,emoji_absurdism,2.1095890410958904,1.962640099626401,2.4707347447073476,4.231008717310087,7.915317559153175,10.820895522388058,17.920398009950247,17.920398009950247,0.0
llama,ethical_edge_cases,2.950898203592814,1.9077844311377246,3.615568862275449,4.170059880239521,8.368862275449102,7.885304659498208,307.6363636363636,307.6363636363636,0.0
llama,future_shock,2.0,1.8333333333333333,2.0,4.333333333333333,7.666666666666667,50.0,18.0,18.0,0.0
llama,gallows_humor,3.169350360910605,3.34647418101055,3.1421432537479177,3.5247084952803998,8.574680732926153,8.527131782945736,92.23698781838317,92.23698781838317,0.0
llama,historical_satire,3.3333333333333335,1.1666666666666667,3.1666666666666665,4.5,9.333333333333334,0.0,10.5,10.5,0.0
llama,homophonic,3.60262891809909,1.5920121334681496,4.41051567239636,4.434529828109201,7.761880687563195,5.2356020942408374,49.644084934277046,49.644084934277046,0.0
llama,malapropisms,3.435965848452508,1.4236926360725721,3.7086446104589115,4.584578441835646,8.498399146211312,11.556603773584905,18.422625400213448,18.422625400213448,0.0
llama,misdirection,3.0,2.1666666666666665,2.5,4.166666666666667,9.166666666666666,0.0,110.5,110.5,0.0
llama,misfortune,1.0,1.0,1.0,4.666666666666667,9.0,0.0,415.0,415.0,0.0
llama,paraprosdokians,3.8642284569138274,1.408817635270541,3.9228456913827654,4.596442885771543,8.851703406813627,2.2488755622188905,116.619,116.619,0.0
llama,pop_culture_parody,2.1666666666666665,1.0,2.5,4.75,9.0,0.0,54.333333333333336,54.333333333333336,0.0
llama,programming,3.7586206896551726,1.160919540229885,4.0344827586206895,4.689655172413793,8.275862068965518,0.0,9.581395348837209,9.581395348837209,0.0
llama,puns,4.235971943887775,1.2444889779559118,3.87875751503006,4.706913827655311,8.963426853707414,1.199400299850075,138.245,138.245,0.0
llama,recursive_meta-humor,2.7777777777777777,1.7777777777777777,2.6666666666666665,4.333333333333333,8.333333333333334,33.33333333333333,7.5,7.5,0.0
llama,religious,2.314814814814815,2.4074074074074074,2.574074074074074,4.074074074074074,8.592592592592593,5.555555555555555,21.814814814814813,21.814814814814813,0.0
llama,rule-of-three_violations,1.980952380952381,1.1333333333333333,3.361904761904762,4.795238095238095,8.752380952380953,0.0,8.615384615384615,8.615384615384615,0.0
llama,science_puns,3.138888888888889,1.2314814814814814,3.5833333333333335,4.625,8.351851851851851,11.11111111111111,92.28301886792453,92.28301886792453,0.0
llama,surreal,3.581954887218045,1.300751879699248,4.249122807017544,4.5664160401002505,8.30375939849624,7.518796992481203,22.73,22.73,0.0
llama,terminal_illness,2.676056338028169,3.863849765258216,2.896713615023474,3.267605633802817,8.507042253521126,11.267605633802818,8.00943396226415,8.00943396226415,0.0
